id,generated
0000aaaa,0.6321056459951236
1111bbbb,0.6321056459951236
2222cccc,0.6321056459951236
